Date, Country,Temperature (Monthly â€“ C),Precip (mm)
01/31/91,BRA,25.643,260.878
02/28/91,BRA,25.9575,193.859
03/31/91,BRA,25.6557,238.866
04/30/91,BRA,25.3129,194.848
05/31/91,BRA,24.791,119.09
06/30/91,BRA,23.9843,85.4127
07/31/91,BRA,23.2685,68.9336
08/31/91,BRA,23.9083,48.5451
09/30/91,BRA,25.1664,69.8317
10/31/91,BRA,25.5752,96.1997
11/30/91,BRA,25.9412,133.443
12/31/91,BRA,25.9974,162.671
01/31/92,BRA,25.7081,232.165
02/29/92,BRA,25.8255,227.438
03/31/92,BRA,25.4243,225.177
04/30/92,BRA,25.178,163.6
05/31/92,BRA,25.1189,95.3013
06/30/92,BRA,24.2869,56.1908
07/31/92,BRA,22.8491,63.4731
08/31/92,BRA,23.8493,53.9593
09/30/92,BRA,24.4257,95.8098
10/31/92,BRA,25.5879,117.602
11/30/92,BRA,25.3478,169.348
12/31/92,BRA,25.3391,185.556
01/31/93,BRA,25.7163,212.073
02/28/93,BRA,25.3563,227.005
03/31/93,BRA,25.6753,185.583
04/30/93,BRA,25.5508,163.112
05/31/93,BRA,24.3781,114.775
06/30/93,BRA,23.6627,75.5808
07/31/93,BRA,23.3993,65.2647
08/31/93,BRA,23.9156,60.2982
09/30/93,BRA,25.0619,84.6527
10/31/93,BRA,25.9872,122.421
11/30/93,BRA,25.8444,179.768
12/31/93,BRA,25.7498,208.841
01/31/94,BRA,25.5448,265.248
02/28/94,BRA,25.7423,217.778
03/31/94,BRA,25.4517,258.888
04/30/94,BRA,25.2104,167.747
05/31/94,BRA,24.923,123.613
06/30/94,BRA,23.5394,114.092
07/31/94,BRA,23.2876,63.0297
08/31/94,BRA,24.2654,56.0826
09/30/94,BRA,25.5113,83.3549
10/31/94,BRA,26.1809,120.58
11/30/94,BRA,26.0029,158.92
12/31/94,BRA,25.9198,196.57
01/31/95,BRA,26.1481,189.563
02/28/95,BRA,26.0212,227.673
03/31/95,BRA,26.0192,223.696
04/30/95,BRA,25.12,199.476
05/31/95,BRA,24.2829,142.946
06/30/95,BRA,23.7991,87.9987
07/31/95,BRA,24.2484,71.3748
08/31/95,BRA,25.1264,42.6661
09/30/95,BRA,25.7505,66.9051
10/31/95,BRA,26.1695,115.498
11/30/95,BRA,25.8871,190.862
12/31/95,BRA,25.8754,226.168
01/31/96,BRA,26.0441,222.935
02/29/96,BRA,26.1958,211.877
03/31/96,BRA,25.5572,255.542
04/30/96,BRA,25.1492,207.154
05/31/96,BRA,24.4024,121.134
06/30/96,BRA,22.9714,77.9141
07/31/96,BRA,23.4198,76.1993
08/31/96,BRA,24.4626,52.5808
09/30/96,BRA,25.1977,77.7471
10/31/96,BRA,25.9504,141.984
11/30/96,BRA,25.7197,174.677
12/31/96,BRA,26.2828,186.571
01/31/97,BRA,25.7316,240.868
02/28/97,BRA,25.8774,218.842
03/31/97,BRA,25.2616,292.063
04/30/97,BRA,25.197,186.506
05/31/97,BRA,24.3401,124.507
06/30/97,BRA,23.7487,64.8979
07/31/97,BRA,24.3372,50.4032
08/31/97,BRA,24.8116,54.5595
09/30/97,BRA,25.6764,68.31
10/31/97,BRA,26.9505,107.019
11/30/97,BRA,26.7617,162.081
12/31/97,BRA,26.4589,225.609
01/31/98,BRA,26.7072,198.729
02/28/98,BRA,26.8819,190.24
03/31/98,BRA,26.4072,212.419
04/30/98,BRA,26.2811,182.788
05/31/98,BRA,24.7912,123.302
06/30/98,BRA,23.8738,91.3665
07/31/98,BRA,24.4916,61.3108
08/31/98,BRA,25.4066,67.8746
09/30/98,BRA,25.7172,78.6213
10/31/98,BRA,26.3697,126.911
11/30/98,BRA,26.0175,191.727
12/31/98,BRA,26.2946,203.727
01/31/99,BRA,26.1067,245.532
02/28/99,BRA,26.0443,215.181
03/31/99,BRA,25.8348,227.251
04/30/99,BRA,25.1187,180.127
05/31/99,BRA,23.9345,144.936
06/30/99,BRA,23.7212,84.6363
07/31/99,BRA,23.7914,62.0607
08/31/99,BRA,24.4096,45.5621
09/30/99,BRA,25.5916,83.7153
10/31/99,BRA,26.015,117.683
11/30/99,BRA,25.8869,173.981
12/31/99,BRA,26.1328,228.322
01/31/00,BRA,25.9065,255.086
02/29/00,BRA,25.7341,262.415
03/31/00,BRA,25.5243,262.83
04/30/00,BRA,25.2622,201.719
05/31/00,BRA,24.6355,128.989
06/30/00,BRA,24.0547,78.3671
07/31/00,BRA,22.9562,74.1941
08/31/00,BRA,24.7715,71.4196
09/30/00,BRA,25.1845,108.85
10/31/00,BRA,26.5363,107.227
11/30/00,BRA,25.8937,180.837
12/31/00,BRA,25.9276,215.711
01/31/01,BRA,25.8022,212.125
02/28/01,BRA,26.1029,210.466
03/31/01,BRA,26.0353,231.306
04/30/01,BRA,25.8097,168.994
05/31/01,BRA,24.771,137.072
06/30/01,BRA,23.245,92.9495
07/31/01,BRA,24.2418,69.1323
08/31/01,BRA,25.1831,45.7124
09/30/01,BRA,25.6916,87.8372
10/31/01,BRA,26.3197,132.565
11/30/01,BRA,26.4455,174.975
12/31/01,BRA,26.039,225.24
01/31/02,BRA,25.9703,272.975
02/28/02,BRA,26.0612,212.288
03/31/02,BRA,26.2802,212.225
04/30/02,BRA,25.9732,186.854
05/31/02,BRA,25.1945,152.347
06/30/02,BRA,24.0269,79.5932
07/31/02,BRA,24.3371,63.3801
08/31/02,BRA,25.3269,55.8905
09/30/02,BRA,25.689,72.054
10/31/02,BRA,26.9941,119.59
11/30/02,BRA,26.4679,146.828
12/31/02,BRA,26.3824,237.288
01/31/03,BRA,26.3988,214.464
02/28/03,BRA,26.4573,232.662
03/31/03,BRA,26.0458,220.832
04/30/03,BRA,25.709,173.983
05/31/03,BRA,24.7453,134.164
06/30/03,BRA,24.5994,87.1816
07/31/03,BRA,23.9775,57.2875
08/31/03,BRA,24.2107,64.1158
09/30/03,BRA,25.5222,84.83
10/31/03,BRA,26.2036,107.933
11/30/03,BRA,26.2583,151.721
12/31/03,BRA,26.5912,161.256
01/31/04,BRA,26.1081,267.688
02/29/04,BRA,25.7854,270.303
03/31/04,BRA,25.9067,252.8
04/30/04,BRA,26.0214,162.485
05/31/04,BRA,24.3635,132.326
06/30/04,BRA,23.8823,74.3153
07/31/04,BRA,23.6613,76.1717
08/31/04,BRA,24.5159,53.0218
09/30/04,BRA,26.1668,57.4625
10/31/04,BRA,26.3803,121.908
11/30/04,BRA,26.4008,141.84
12/31/04,BRA,26.2449,182.632
01/31/05,BRA,26.665,220.888
02/28/05,BRA,26.4822,225.245
03/31/05,BRA,26.1665,275.704
04/30/05,BRA,25.9846,189.985
05/31/05,BRA,25.1517,158.104
06/30/05,BRA,24.5166,68.9473
07/31/05,BRA,23.9213,46.6327
08/31/05,BRA,25.4403,52.5465
09/30/05,BRA,25.2846,71.4529
10/31/05,BRA,26.8205,117.666
11/30/05,BRA,26.7675,141.097
12/31/05,BRA,25.9458,245.874
01/31/06,BRA,26.5366,212.477
02/28/06,BRA,26.275,226.571
03/31/06,BRA,26.1044,256.832
04/30/06,BRA,25.3955,216.115
05/31/06,BRA,24.0456,158.622
06/30/06,BRA,23.8359,80.4482
07/31/06,BRA,24.3867,60.2834
08/31/06,BRA,25.2383,45.3446
09/30/06,BRA,25.6825,71.5101
10/31/06,BRA,26.577,130.381
11/30/06,BRA,26.0827,177.536
12/31/06,BRA,26.471,212.312
01/31/07,BRA,26.4631,211.01
02/28/07,BRA,26.29,238.548
03/31/07,BRA,26.1623,206.324
04/30/07,BRA,25.9278,180.34
05/31/07,BRA,24.7602,126.265
06/30/07,BRA,24.2219,66.7872
07/31/07,BRA,23.949,71.0081
08/31/07,BRA,24.3313,53.2561
09/30/07,BRA,26.2888,49.9335
10/31/07,BRA,26.8244,112.759
11/30/07,BRA,26.2846,164.382
12/31/07,BRA,26.1926,207.879
01/31/08,BRA,25.541,269.327
02/29/08,BRA,25.7479,242.999
03/31/08,BRA,25.6103,282.227
04/30/08,BRA,25.177,200.521
05/31/08,BRA,24.0721,136.21
06/30/08,BRA,23.3609,78.7739
07/31/08,BRA,24.2316,54.1944
08/31/08,BRA,25.2559,55.0211
09/30/08,BRA,25.5867,72.8734
10/31/08,BRA,26.843,117.422
11/30/08,BRA,26.1698,158.431
12/31/08,BRA,26.0047,234.8
01/31/09,BRA,25.786,244.211
02/28/09,BRA,25.7919,239.898
03/31/09,BRA,26.0315,258.226
04/30/09,BRA,25.4516,203.406
05/31/09,BRA,24.7343,142.902
06/30/09,BRA,23.4664,100.967
07/31/09,BRA,24.185,73.1322
08/31/09,BRA,25.1073,60.1821
09/30/09,BRA,26.3294,79.7847
10/31/09,BRA,26.5985,150.08
11/30/09,BRA,27.164,138.861
12/31/09,BRA,26.1718,238.941
01/31/10,BRA,26.5247,239.131
02/28/10,BRA,27.1162,217.316
03/31/10,BRA,26.8646,235.459
04/30/10,BRA,25.8815,200.44
05/31/10,BRA,25.0834,132.966
06/30/10,BRA,23.8137,73.3218
07/31/10,BRA,24.1657,66.8321
08/31/10,BRA,24.768,40.6411
09/30/10,BRA,26.6081,58.2369
10/31/10,BRA,26.642,112.547
11/30/10,BRA,26.1814,165.323
12/31/10,BRA,26.2464,216.298
01/31/11,BRA,25.9,242.105
02/28/11,BRA,25.9348,255.756
03/31/11,BRA,25.6607,278.911
04/30/11,BRA,25.6547,202.007
05/31/11,BRA,24.772,135.243
06/30/11,BRA,24.1581,72.2356
07/31/11,BRA,24.358,59.303
08/31/11,BRA,25.2135,52.8688
09/30/11,BRA,26.2502,50.6007
10/31/11,BRA,26.2576,141.086
11/30/11,BRA,26.0925,167.478
12/31/11,BRA,26.1414,174.786
01/31/12,BRA,25.6388,256.525
02/29/12,BRA,25.8926,236.079
03/31/12,BRA,25.8586,221.277
04/30/12,BRA,25.9351,167.591
05/31/12,BRA,24.9448,110.244
06/30/12,BRA,24.4159,73.5002
07/31/12,BRA,24.159,61.2338
08/31/12,BRA,25.013,38.7857
09/30/12,BRA,26.4278,60.5942
10/31/12,BRA,27.1908,87.7291
11/30/12,BRA,26.6045,157.772
12/31/12,BRA,26.5033,181.369
01/31/13,BRA,26.2797,234.837
02/28/13,BRA,26.421,224.993
03/31/13,BRA,26.4633,201.49
04/30/13,BRA,25.7173,169.603
05/31/13,BRA,25.0598,140.204
06/30/13,BRA,24.7923,87.4064
07/31/13,BRA,24.2248,72.0245
08/31/13,BRA,24.5482,59.2378
09/30/13,BRA,26.1844,69.5931
10/31/13,BRA,26.541,121.637
11/30/13,BRA,26.1609,174.882
12/31/13,BRA,26.3776,209.051
01/31/14,BRA,26.351,196.904
02/28/14,BRA,26.1318,225.965
03/31/14,BRA,25.9359,265.892
04/30/14,BRA,25.9241,197.089
05/31/14,BRA,25.013,138.216
06/30/14,BRA,24.5104,83.0714
07/31/14,BRA,24.0321,72.0266
08/31/14,BRA,25.2679,49.3802
09/30/14,BRA,26.8389,69.5973
10/31/14,BRA,26.9653,94.486
11/30/14,BRA,26.6748,167.468
12/31/14,BRA,26.3578,186.197
01/31/15,BRA,26.6425,198.68
02/28/15,BRA,26.3971,195.832
03/31/15,BRA,26.027,246.911
04/30/15,BRA,25.9741,193.641
05/31/15,BRA,25.2458,147.71
06/30/15,BRA,24.6914,74.0922
07/31/15,BRA,24.7691,79.5209
08/31/15,BRA,25.7966,45.9809
09/30/15,BRA,27.3316,55.3684
10/31/15,BRA,27.21,82.2525
11/30/15,BRA,27.3725,127.764
12/31/15,BRA,27.1024,151.836
01/31/91,COL,24.7998,56.1426
02/28/91,COL,25.4462,83.2545
03/31/91,COL,25.3374,220.236
04/30/91,COL,25.1686,209.431
05/31/91,COL,24.7907,234.102
06/30/91,COL,24.4658,238.51
07/31/91,COL,23.7821,223.887
08/31/91,COL,23.3523,200.327
09/30/91,COL,24.378,188.076
10/31/91,COL,24.1658,150.885
11/30/91,COL,24.2287,188.056
12/31/91,COL,24.6322,93.5771
01/31/92,COL,24.9539,59.9233
02/29/92,COL,25.5501,86.4726
03/31/92,COL,25.8193,113.863
04/30/92,COL,25.3115,202.713
05/31/92,COL,24.5012,223.491
06/30/92,COL,24.6022,204.466
07/31/92,COL,24.1308,235.413
08/31/92,COL,24.1319,235.421
09/30/92,COL,24.0576,222.844
10/31/92,COL,24.2185,156.23
11/30/92,COL,24.261,182.025
12/31/92,COL,24.5694,148.585
01/31/93,COL,24.8642,146.523
02/28/93,COL,25.1395,119.358
03/31/93,COL,25.113,213.044
04/30/93,COL,24.8708,268.135
05/31/93,COL,24.1999,289.332
06/30/93,COL,24.2923,194.536
07/31/93,COL,23.8094,301.914
08/31/93,COL,24.401,243.954
09/30/93,COL,24.2636,261.419
10/31/93,COL,24.7443,238.477
11/30/93,COL,24.3067,276.472
12/31/93,COL,24.7012,131.645
01/31/94,COL,24.6134,137.629
02/28/94,COL,25.0666,123.429
03/31/94,COL,25.1901,197.712
04/30/94,COL,24.9227,208.317
05/31/94,COL,24.2374,285.48
06/30/94,COL,24.0552,227.688
07/31/94,COL,23.7403,304.431
08/31/94,COL,24.1881,221.536
09/30/94,COL,24.4806,255.293
10/31/94,COL,24.1159,314.948
11/30/94,COL,24.0671,284.665
12/31/94,COL,23.9568,111.959
01/31/95,COL,24.9902,105.893
02/28/95,COL,25.4399,72.8301
03/31/95,COL,25.255,178.468
04/30/95,COL,25.1316,283.613
05/31/95,COL,24.4683,280.73
06/30/95,COL,24.409,335.419
07/31/95,COL,23.9721,311.159
08/31/95,COL,23.7368,282.634
09/30/95,COL,24.6851,241.483
10/31/95,COL,24.3239,244.274
11/30/95,COL,24.3525,240.84
12/31/95,COL,24.3846,175.008
01/31/96,COL,24.369,109.21
02/29/96,COL,25.0471,185.468
03/31/96,COL,25.1578,213.912
04/30/96,COL,24.5205,237.134
05/31/96,COL,24.1155,402.889
06/30/96,COL,23.4939,301.772
07/31/96,COL,23.7002,283.32
08/31/96,COL,23.6669,255.096
09/30/96,COL,23.9745,210.572
10/31/96,COL,24.2582,274.367
11/30/96,COL,24.3214,256.241
12/31/96,COL,24.0581,164.636
01/31/97,COL,24.5591,151.081
02/28/97,COL,24.777,149.972
03/31/97,COL,24.9036,140.368
04/30/97,COL,24.9034,233.861
05/31/97,COL,24.5084,275.669
06/30/97,COL,24.1482,324.242
07/31/97,COL,24.2639,234.8
08/31/97,COL,24.4563,203.202
09/30/97,COL,24.3926,184.062
10/31/97,COL,24.996,141.405
11/30/97,COL,24.4682,223.257
12/31/97,COL,24.6543,117.287
01/31/98,COL,25.427,73.4475
02/28/98,COL,25.9106,125.455
03/31/98,COL,26.1847,217.213
04/30/98,COL,25.7542,274.536
05/31/98,COL,24.9339,372.811
06/30/98,COL,23.9251,322.788
07/31/98,COL,24.083,288.42
08/31/98,COL,24.382,221.764
09/30/98,COL,24.4754,219.857
10/31/98,COL,24.6954,227.047
11/30/98,COL,24.4403,241.324
12/31/98,COL,24.5251,180.148
01/31/99,COL,24.7812,177.377
02/28/99,COL,24.5138,216.917
03/31/99,COL,24.8264,163.334
04/30/99,COL,24.2626,290.724
05/31/99,COL,24.0983,280.931
06/30/99,COL,23.7411,283.48
07/31/99,COL,23.7223,258.283
08/31/99,COL,23.6836,244.622
09/30/99,COL,23.7552,369.758
10/31/99,COL,24.0574,299.315
11/30/99,COL,24.3649,209.73
12/31/99,COL,24.5043,193.442
01/31/00,COL,24.2709,109.662
02/29/00,COL,24.4435,193.364
03/31/00,COL,24.4717,212.095
04/30/00,COL,24.3948,184.781
05/31/00,COL,24.1476,384.846
06/30/00,COL,23.9214,265.889
07/31/00,COL,23.3574,256.368
08/31/00,COL,24.0652,267.648
09/30/00,COL,23.8791,280.785
10/31/00,COL,24.5627,156.236
11/30/00,COL,24.4418,175.861
12/31/00,COL,24.295,142.785
01/31/01,COL,24.2185,102.515
02/28/01,COL,24.5913,71.8497
03/31/01,COL,24.9978,171.726
04/30/01,COL,24.8876,251.551
05/31/01,COL,24.4811,254.552
06/30/01,COL,23.7122,250.924
07/31/01,COL,23.8779,291.241
08/31/01,COL,24.5378,188.671
09/30/01,COL,24.3546,232.178
10/31/01,COL,24.8447,313.035
11/30/01,COL,24.7663,175.822
12/31/01,COL,24.8704,226.297
01/31/02,COL,25.0546,61.9998
02/28/02,COL,25.4652,75.4561
03/31/02,COL,25.1331,232.434
04/30/02,COL,24.7962,282.117
05/31/02,COL,24.7664,376.812
06/30/02,COL,24.0437,462.952
07/31/02,COL,23.999,334.468
08/31/02,COL,24.4806,244.517
09/30/02,COL,24.6125,241.774
10/31/02,COL,24.5828,265.583
11/30/02,COL,24.3816,254.903
12/31/02,COL,24.8985,167.553
01/31/03,COL,25.344,65.7428
02/28/03,COL,25.8993,104.161
03/31/03,COL,25.6862,175.099
04/30/03,COL,25.2285,262.612
05/31/03,COL,24.9241,321.888
06/30/03,COL,23.8689,525.987
07/31/03,COL,23.7545,256.166
08/31/03,COL,24.1498,234.595
09/30/03,COL,24.3535,245.727
10/31/03,COL,24.4598,256.772
11/30/03,COL,24.428,350.058
12/31/03,COL,24.6001,165.475
01/31/04,COL,24.8491,89.6236
02/29/04,COL,25.236,158.425
03/31/04,COL,25.5493,168.364
04/30/04,COL,24.9481,270.288
05/31/04,COL,24.2661,433.771
06/30/04,COL,24.2255,225.278
07/31/04,COL,23.4076,345.873
08/31/04,COL,23.9334,258.988
09/30/04,COL,24.0014,255.249
10/31/04,COL,24.9095,274.174
11/30/04,COL,24.7054,239.878
12/31/04,COL,24.4826,176.589
01/31/05,COL,25.1442,118.118
02/28/05,COL,25.2837,178.331
03/31/05,COL,25.6283,200.348
04/30/05,COL,25.21,209.393
05/31/05,COL,24.6615,361.644
06/30/05,COL,24.2007,314.879
07/31/05,COL,24.115,251.668
08/31/05,COL,24.2797,272.279
09/30/05,COL,24.4568,222.022
10/31/05,COL,24.1886,312.058
11/30/05,COL,24.4192,259.425
12/31/05,COL,24.2938,205.048
01/31/06,COL,24.6561,201.779
02/28/06,COL,25.1252,97.0286
03/31/06,COL,24.8492,286.886
04/30/06,COL,24.6793,250.046
05/31/06,COL,24.0874,379.101
06/30/06,COL,23.9269,302.637
07/31/06,COL,23.9275,353.016
08/31/06,COL,24.3743,193.977
09/30/06,COL,24.764,164.154
10/31/06,COL,24.713,277.269
11/30/06,COL,24.3272,232.843
12/31/06,COL,24.7141,174.995
01/31/07,COL,25.0645,112.886
02/28/07,COL,25.3997,38.6912
03/31/07,COL,25.171,243.448
04/30/07,COL,24.8902,290.57
05/31/07,COL,24.3084,354.408
06/30/07,COL,23.8858,248.24
07/31/07,COL,23.9353,308.878
08/31/07,COL,23.7885,288.814
09/30/07,COL,24.2182,228.959
10/31/07,COL,23.9343,333.421
11/30/07,COL,24.2508,223.208
12/31/07,COL,24.1838,194.035
01/31/08,COL,24.4206,138.163
02/29/08,COL,24.6726,141.014
03/31/08,COL,24.7947,203.466
04/30/08,COL,24.6722,216.675
05/31/08,COL,23.877,563.74
06/30/08,COL,23.7557,300.088
07/31/08,COL,23.7185,371.819
08/31/08,COL,23.9135,304.873
09/30/08,COL,24.2269,255.553
10/31/08,COL,24.0622,246.792
11/30/08,COL,24.0678,297.542
12/31/08,COL,23.957,151.116
01/31/09,COL,24.2736,160.138
02/28/09,COL,24.6754,135.424
03/31/09,COL,24.2618,241.093
04/30/09,COL,25.081,190.624
05/31/09,COL,24.2518,262.775
06/30/09,COL,24.0291,310.321
07/31/09,COL,24.3392,213.179
08/31/09,COL,24.6766,280.735
09/30/09,COL,25.1326,167.594
10/31/09,COL,24.9776,274.016
11/30/09,COL,25.0802,145.673
12/31/09,COL,25.0924,110.376
01/31/10,COL,25.5873,43.1041
02/28/10,COL,26.0173,95.5326
03/31/10,COL,26.4963,205.493
04/30/10,COL,25.3912,292.878
05/31/10,COL,25.0801,343.301
06/30/10,COL,24.2309,340.765
07/31/10,COL,23.6756,348.356
08/31/10,COL,24.2546,220.156
09/30/10,COL,24.4571,267.754
10/31/10,COL,24.6709,251.533
11/30/10,COL,24.241,367.156
12/31/10,COL,24.1377,263.921
01/31/11,COL,24.8146,142.977
02/28/11,COL,24.8345,151.335
03/31/11,COL,24.7037,195.135
04/30/11,COL,24.6141,431.419
05/31/11,COL,24.6518,361.13
06/30/11,COL,24.4116,330.04
07/31/11,COL,24.0745,276.217
08/31/11,COL,24.7531,221.107
09/30/11,COL,24.7002,289.045
10/31/11,COL,24.5963,265.561
11/30/11,COL,24.7255,302.112
12/31/11,COL,24.7407,205.032
01/31/12,COL,25.054,144.848
02/29/12,COL,24.6521,90.5267
03/31/12,COL,24.8773,185.609
04/30/12,COL,24.5621,237.886
05/31/12,COL,24.506,240.269
06/30/12,COL,24.5155,178.072
07/31/12,COL,24.3655,229.956
08/31/12,COL,24.4038,175.085
09/30/12,COL,24.6209,176.677
10/31/12,COL,24.5881,221.064
11/30/12,COL,24.7832,159.385
12/31/12,COL,24.707,190.155
01/31/13,COL,25.2423,58.7334
02/28/13,COL,25.2415,150.84
03/31/13,COL,25.6884,124.101
04/30/13,COL,25.364,156.018
05/31/13,COL,24.5777,332.562
06/30/13,COL,24.4715,267.148
07/31/13,COL,23.9021,149.025
08/31/13,COL,24.1021,309.068
09/30/13,COL,24.7462,220.707
10/31/13,COL,24.4653,176.332
11/30/13,COL,24.4336,192.687
12/31/13,COL,24.4593,113.858
01/31/14,COL,25.1261,89.1602
02/28/14,COL,25.2698,111.782
03/31/14,COL,25.4366,149.634
04/30/14,COL,25.1698,183.58
05/31/14,COL,24.6618,233.416
06/30/14,COL,24.3481,215.454
07/31/14,COL,24.6022,219.845
08/31/14,COL,24.3146,252.356
09/30/14,COL,24.8254,188.128
10/31/14,COL,24.5443,230.303
11/30/14,COL,24.6317,238.262
12/31/14,COL,24.6787,181.048
01/31/15,COL,24.8799,148.686
02/28/15,COL,25.6278,105.079
03/31/15,COL,25.3505,266.662
04/30/15,COL,25.17,228.593
05/31/15,COL,25.0442,200.896
06/30/15,COL,24.7595,264.843
07/31/15,COL,24.6182,259.002
08/31/15,COL,25.0313,189.6
09/30/15,COL,25.3662,138.036
10/31/15,COL,25.3983,157.348
11/30/15,COL,25.4995,173.86
12/31/15,COL,25.4533,96.3039
01/31/91,ETH,21.8524,13.0865
02/28/91,ETH,22.3767,21.1366
03/31/91,ETH,23.5291,65.6054
04/30/91,ETH,24.7054,75.278
05/31/91,ETH,23.945,81.075
06/30/91,ETH,23.8675,72.1543
07/31/91,ETH,22.749,142.866
08/31/91,ETH,22.6282,128.265
09/30/91,ETH,22.9008,97.2514
10/31/91,ETH,22.3911,39.9972
11/30/91,ETH,21.1684,12.1308
12/31/91,ETH,20.963,16.6662
01/31/92,ETH,20.519,20.2222
02/29/92,ETH,21.891,14.7063
03/31/92,ETH,23.8264,20.2771
04/30/92,ETH,24.7617,66.576
05/31/92,ETH,24.5007,69.2358
06/30/92,ETH,24.0195,63.2692
07/31/92,ETH,22.3496,96.8984
08/31/92,ETH,21.9254,139.246
09/30/92,ETH,22.1649,97.1686
10/31/92,ETH,21.6833,81.0647
11/30/92,ETH,20.4596,40.3488
12/31/92,ETH,20.4194,23.2851
01/31/93,ETH,20.3635,26.8851
02/28/93,ETH,20.8251,26.3384
03/31/93,ETH,23.9159,20.69
04/30/93,ETH,23.8115,114.031
05/31/93,ETH,23.6106,125.493
06/30/93,ETH,23.6278,74.1093
07/31/93,ETH,22.8496,105.531
08/31/93,ETH,22.6601,142.033
09/30/93,ETH,20.9363,76.38
10/31/93,ETH,22.5682,68.5297
11/30/93,ETH,22.0257,8.81909
12/31/93,ETH,17.0995,3.02953
01/31/94,ETH,20.8273,2.76764
02/28/94,ETH,22.5599,3.11642
03/31/94,ETH,23.6268,23.5588
04/30/94,ETH,24.8239,70.7554
05/31/94,ETH,23.7589,92.158
06/30/94,ETH,23.4252,93.74
07/31/94,ETH,22.5679,147.622
08/31/94,ETH,22.1647,187.102
09/30/94,ETH,22.4045,94.1872
10/31/94,ETH,22.1283,46.0363
11/30/94,ETH,20.5717,50.8747
12/31/94,ETH,20.6345,5.21785
01/31/95,ETH,21.22,1.27129
02/28/95,ETH,22.7971,12.2487
03/31/95,ETH,23.6771,45.7531
04/30/95,ETH,24.4264,97.2018
05/31/95,ETH,24.5689,78.0119
06/30/95,ETH,23.8763,50.3685
07/31/95,ETH,22.8016,125.286
08/31/95,ETH,22.8535,133.784
09/30/95,ETH,23.3153,80.7986
10/31/95,ETH,22.839,49.4832
11/30/95,ETH,21.8142,16.2228
12/31/95,ETH,21.7737,21.1403
01/31/96,ETH,21.9626,14.8181
02/29/96,ETH,23.2345,8.51003
03/31/96,ETH,23.9235,73.5936
04/30/96,ETH,25.1569,99.8521
05/31/96,ETH,23.814,135.313
06/30/96,ETH,22.9797,96.0153
07/31/96,ETH,22.833,119.585
08/31/96,ETH,22.6069,115.325
09/30/96,ETH,23.342,72.038
10/31/96,ETH,22.435,31.5521
11/30/96,ETH,21.2943,30.7603
12/31/96,ETH,20.8533,6.45138
01/31/97,ETH,20.9285,12.8319
02/28/97,ETH,22.0164,1.2033
03/31/97,ETH,24.2248,40.4768
04/30/97,ETH,23.7085,105.528
05/31/97,ETH,23.8882,82.1461
06/30/97,ETH,23.5919,86.1503
07/31/97,ETH,23.1903,113.35
08/31/97,ETH,23.1526,106.432
09/30/97,ETH,23.4685,63.468
10/31/97,ETH,22.3081,129.764
11/30/97,ETH,21.8552,83.8796
12/31/97,ETH,21.177,21.9325
01/31/98,ETH,22.074,31.6194
02/28/98,ETH,23.2127,13.4012
03/31/98,ETH,24.117,31.8199
04/30/98,ETH,25.4863,59.0677
05/31/98,ETH,24.3206,114.27
06/30/98,ETH,24.609,75.8732
07/31/98,ETH,23.1963,137.666
08/31/98,ETH,22.7045,172.189
09/30/98,ETH,22.9847,95.3506
10/31/98,ETH,22.5207,110.223
11/30/98,ETH,21.1013,15.4501
12/31/98,ETH,20.5018,1.45526
01/31/99,ETH,21.4167,8.00477
02/28/99,ETH,22.6983,2.74477
03/31/99,ETH,23.4528,48.0179
04/30/99,ETH,24.7447,39.9381
05/31/99,ETH,24.3966,80.4792
06/30/99,ETH,23.7749,53.6802
07/31/99,ETH,22.549,107.843
08/31/99,ETH,21.6402,144.528
09/30/99,ETH,22.6493,101.301
10/31/99,ETH,21.5585,112.522
11/30/99,ETH,20.876,16.1714
12/31/99,ETH,20.775,6.94606
01/31/00,ETH,20.9106,2.30471
02/29/00,ETH,22.4835,1.04437
03/31/00,ETH,23.5763,11.325
04/30/00,ETH,24.7904,80.5576
05/31/00,ETH,23.9827,128.046
06/30/00,ETH,23.991,86.1521
07/31/00,ETH,23.4175,167.938
08/31/00,ETH,22.5051,158.779
09/30/00,ETH,22.934,114.603
10/31/00,ETH,21.9195,68.873
11/30/00,ETH,22.7622,50.0717
12/31/00,ETH,20.9697,19.2599
01/31/01,ETH,21.8745,12.175
02/28/01,ETH,22.5602,7.96503
03/31/01,ETH,23.9112,61.9903
04/30/01,ETH,25.0305,53.1073
05/31/01,ETH,23.8962,55.8385
06/30/01,ETH,23.3574,84.1994
07/31/01,ETH,23.096,149.491
08/31/01,ETH,22.1681,147.589
09/30/01,ETH,23.0563,79.5191
10/31/01,ETH,23.1328,68.0264
11/30/01,ETH,21.47,37.2164
12/31/01,ETH,21.5984,10.1659
01/31/02,ETH,21.2681,17.7831
02/28/02,ETH,23.2133,12.1078
03/31/02,ETH,24.1021,13.6881
04/30/02,ETH,24.9725,72.2176
05/31/02,ETH,25.2851,64.5691
06/30/02,ETH,24.037,56.1342
07/31/02,ETH,23.8569,112.838
08/31/02,ETH,23.1611,114.075
09/30/02,ETH,23.2968,58.0086
10/31/02,ETH,22.0257,86.3497
11/30/02,ETH,22.2567,26.0226
12/31/02,ETH,22.1182,28.6054
01/31/03,ETH,21.7774,8.39026
02/28/03,ETH,23.6345,13.5411
03/31/03,ETH,24.3523,30.6477
04/30/03,ETH,24.9787,83.358
05/31/03,ETH,25.4284,46.2248
06/30/03,ETH,24.4484,103.34
07/31/03,ETH,22.9644,133.224
08/31/03,ETH,22.9733,122.353
09/30/03,ETH,22.5001,105.902
10/31/03,ETH,22.7504,50.8595
11/30/03,ETH,21.9961,17.202
12/31/03,ETH,21.128,22.6035
01/31/04,ETH,22.3479,18.6655
02/29/04,ETH,22.7064,12.4939
03/31/04,ETH,23.9641,26.0189
04/30/04,ETH,24.4839,100.336
05/31/04,ETH,24.8338,53.8654
06/30/04,ETH,24.0426,64.9359
07/31/04,ETH,23.3521,113.064
08/31/04,ETH,23.2548,122.452
09/30/04,ETH,23.1842,84.9687
10/31/04,ETH,21.9526,142.584
11/30/04,ETH,21.8845,38.1284
12/31/04,ETH,21.6078,11.7228
01/31/05,ETH,21.4754,15.3357
02/28/05,ETH,23.6057,16.0309
03/31/05,ETH,24.4664,57.3688
04/30/05,ETH,24.9082,80.9146
05/31/05,ETH,24.3847,95.1644
06/30/05,ETH,23.3442,80.9552
07/31/05,ETH,23.0294,137.762
08/31/05,ETH,23.322,153.699
09/30/05,ETH,23.5486,100.161
10/31/05,ETH,22.6805,55.4677
11/30/05,ETH,21.7219,23.457
12/31/05,ETH,20.6441,2.76402
01/31/06,ETH,21.7252,5.44236
02/28/06,ETH,23.7484,8.98998
03/31/06,ETH,23.9399,57.2219
04/30/06,ETH,24.2698,79.6758
05/31/06,ETH,24.4076,88.4805
06/30/06,ETH,24.1839,62.3099
07/31/06,ETH,23.2478,142.284
08/31/06,ETH,22.5745,143.491
09/30/06,ETH,22.9879,120.13
10/31/06,ETH,23.0392,84
11/30/06,ETH,22.0088,26.9995
12/31/06,ETH,21.2874,27.2229
01/31/07,ETH,21.5485,13.1389
02/28/07,ETH,23.1259,14.6587
03/31/07,ETH,24.1292,34.2874
04/30/07,ETH,24.5696,71.2228
05/31/07,ETH,24.7893,95.389
06/30/07,ETH,23.8995,89.5476
07/31/07,ETH,22.5555,144.985
08/31/07,ETH,22.6488,147.756
09/30/07,ETH,23.1359,103.742
10/31/07,ETH,22.4531,85.3624
11/30/07,ETH,22.4214,19.5809
12/31/07,ETH,20.9403,4.62714
01/31/08,ETH,21.8999,10.346
02/29/08,ETH,22.5365,6.53903
03/31/08,ETH,22.5817,17.3491
04/30/08,ETH,23.9378,61.0687
05/31/08,ETH,24.3252,142.148
06/30/08,ETH,23.7197,87.8142
07/31/08,ETH,22.9945,130.845
08/31/08,ETH,22.9205,138.554
09/30/08,ETH,23.5882,79.4712
10/31/08,ETH,22.7565,88.6774
11/30/08,ETH,21.2982,54.8054
12/31/08,ETH,20.9411,9.9509
01/31/09,ETH,21.578,18.548
02/28/09,ETH,23.2193,17.8337
03/31/09,ETH,24.3022,22.1058
04/30/09,ETH,25.4265,47.8475
05/31/09,ETH,25.1196,59.9804
06/30/09,ETH,24.8693,73.6787
07/31/09,ETH,23.4321,129.03
08/31/09,ETH,23.6102,151.339
09/30/09,ETH,24.1554,72.0164
10/31/09,ETH,22.7712,91.2352
11/30/09,ETH,22.2856,28.8798
12/31/09,ETH,22.1578,15.9013
01/31/10,ETH,21.9947,9.99093
02/28/10,ETH,23.226,32.9837
03/31/10,ETH,23.7379,49.7748
04/30/10,ETH,25.2193,74.2218
05/31/10,ETH,24.4852,108.142
06/30/10,ETH,24.1024,76.8674
07/31/10,ETH,22.9004,117.375
08/31/10,ETH,22.8707,165.247
09/30/10,ETH,23.2915,77.6283
10/31/10,ETH,23.0641,85.7139
11/30/10,ETH,22.2937,41.3571
12/31/10,ETH,22.2234,20.5432
01/31/11,ETH,21.631,11.4964
02/28/11,ETH,22.9908,5.8848
03/31/11,ETH,23.7753,33.4996
04/30/11,ETH,25.3552,99.0991
05/31/11,ETH,24.3759,110.623
06/30/11,ETH,24.4805,65.7628
07/31/11,ETH,23.5806,108.88
08/31/11,ETH,23.0882,140.826
09/30/11,ETH,23.5094,120.857
10/31/11,ETH,20.5207,34.8126
11/30/11,ETH,20.3033,44.8467
12/31/11,ETH,19.9879,15.4233
01/31/12,ETH,21.546,11.5668
02/29/12,ETH,22.3213,19.0901
03/31/12,ETH,24.114,34.9892
04/30/12,ETH,24.2142,100.798
05/31/12,ETH,25.0678,95.4628
06/30/12,ETH,24.145,70.3013
07/31/12,ETH,23.0136,143.232
08/31/12,ETH,22.8636,139.02
09/30/12,ETH,23.6166,102.055
10/31/12,ETH,23.182,89.0658
11/30/12,ETH,22.2064,28.9713
12/31/12,ETH,21.7167,15.5531
01/31/13,ETH,22.2156,13.5419
02/28/13,ETH,23.317,7.29107
03/31/13,ETH,24.9055,60.346
04/30/13,ETH,24.4184,71.2143
05/31/13,ETH,25.2,194.948
06/30/13,ETH,23.8321,76.7288
07/31/13,ETH,23.0495,118.976
08/31/13,ETH,22.9551,161.417
09/30/13,ETH,23.5775,74.0492
10/31/13,ETH,22.4504,129.607
11/30/13,ETH,22.1339,55.3437
12/31/13,ETH,20.4996,4.06617
01/31/14,ETH,21.3072,6.33451
02/28/14,ETH,22.7342,27.1139
03/31/14,ETH,24.4697,46.3461
04/30/14,ETH,24.7025,100.925
05/31/14,ETH,24.2449,114.973
06/30/14,ETH,24.6908,40.6017
07/31/14,ETH,23.5044,126.215
08/31/14,ETH,23.0339,144.902
09/30/14,ETH,23.3658,109.14
10/31/14,ETH,22.7634,133.705
11/30/14,ETH,22.3866,22.3386
12/31/14,ETH,21.4471,12.6304
01/31/15,ETH,21.1581,3.19688
02/28/15,ETH,23.3509,6.14435
03/31/15,ETH,24.654,30.3396
04/30/15,ETH,24.9227,50.2249
05/31/15,ETH,24.6859,131.693
06/30/15,ETH,24.6762,99.0473
07/31/15,ETH,24.5282,115.739
08/31/15,ETH,23.6319,135.754
09/30/15,ETH,24.3409,101.387
10/31/15,ETH,23.9694,91.6732
11/30/15,ETH,22.6825,41.9344
12/31/15,ETH,21.9719,16.3202
01/31/91,IDN,26.0328,276.863
02/28/91,IDN,25.8695,217.155
03/31/91,IDN,26.4098,303.334
04/30/91,IDN,26.4531,336.473
05/31/91,IDN,26.2267,215.972
06/30/91,IDN,26.5124,118.67
07/31/91,IDN,26.0472,133.635
08/31/91,IDN,25.8474,118.436
09/30/91,IDN,25.9615,95.1606
10/31/91,IDN,26.1068,138.273
11/30/91,IDN,25.9776,234.597
12/31/91,IDN,25.9859,309.353
01/31/92,IDN,25.9304,228.131
02/29/92,IDN,26.0764,221.278
03/31/92,IDN,26.5881,250.636
04/30/92,IDN,26.6868,291.255
05/31/92,IDN,26.6179,239.862
06/30/92,IDN,26.0794,153.164
07/31/92,IDN,25.5456,180.381
08/31/92,IDN,26.0862,158.934
09/30/92,IDN,26.0342,198.815
10/31/92,IDN,25.9647,236.894
11/30/92,IDN,25.7699,221.455
12/31/92,IDN,25.6698,302.035
01/31/93,IDN,25.7312,273.174
02/28/93,IDN,25.6882,191.578
03/31/93,IDN,26.0924,262.971
04/30/93,IDN,26.388,273.603
05/31/93,IDN,26.3572,274.875
06/30/93,IDN,26.2181,180.976
07/31/93,IDN,25.8478,145.023
08/31/93,IDN,25.8644,121.518
09/30/93,IDN,25.8514,136.045
10/31/93,IDN,26.2072,182.776
11/30/93,IDN,26.2452,250.27
12/31/93,IDN,25.9852,275.168
01/31/94,IDN,26.052,282.614
02/28/94,IDN,26.0713,255.695
03/31/94,IDN,25.9837,364.051
04/30/94,IDN,26.2326,296.723
05/31/94,IDN,26.0955,225.738
06/30/94,IDN,25.7005,183.286
07/31/94,IDN,25.6109,84.2406
08/31/94,IDN,25.3852,143.06
09/30/94,IDN,25.9472,75.2908
10/31/94,IDN,26.1877,143.927
11/30/94,IDN,26.2993,202.174
12/31/94,IDN,26.0939,298.768
01/31/95,IDN,25.9826,326.591
02/28/95,IDN,25.8713,310.175
03/31/95,IDN,26.2228,324.361
04/30/95,IDN,26.4259,299.805
05/31/95,IDN,26.5327,215.19
06/30/95,IDN,26.2181,193.36
07/31/95,IDN,25.8473,171.646
08/31/95,IDN,25.6181,206.598
09/30/95,IDN,26.1706,192.958
10/31/95,IDN,26.2062,232.552
11/30/95,IDN,26.3542,321.029
12/31/95,IDN,25.6763,297.169
01/31/96,IDN,25.7705,271.098
02/29/96,IDN,25.79,290.296
03/31/96,IDN,26.2475,233.351
04/30/96,IDN,26.3639,295.871
05/31/96,IDN,26.4255,204.425
06/30/96,IDN,26.339,177.557
07/31/96,IDN,25.9735,141.136
08/31/96,IDN,25.8574,220.638
09/30/96,IDN,26.1726,168.492
10/31/96,IDN,26.293,319.371
11/30/96,IDN,26.3235,284.971
12/31/96,IDN,25.7908,316.683
01/31/97,IDN,25.6219,223.794
02/28/97,IDN,25.7781,279.988
03/31/97,IDN,26.2952,241.123
04/30/97,IDN,26.3029,239.681
05/31/97,IDN,26.4558,194.19
06/30/97,IDN,26.2823,91.3394
07/31/97,IDN,26.0693,142.808
08/31/97,IDN,26.0891,91.726
09/30/97,IDN,26.0147,96.8714
10/31/97,IDN,26.2917,133.2
11/30/97,IDN,26.438,190.927
12/31/97,IDN,26.5207,270.258
01/31/98,IDN,26.469,220.268
02/28/98,IDN,26.9326,203.539
03/31/98,IDN,27.0661,258.166
04/30/98,IDN,26.9249,254.695
05/31/98,IDN,27.2776,267.215
06/30/98,IDN,26.4958,246.411
07/31/98,IDN,26.3394,217.345
08/31/98,IDN,26.0416,241.809
09/30/98,IDN,26.4478,270.201
10/31/98,IDN,26.8541,295.462
11/30/98,IDN,26.596,314.006
12/31/98,IDN,25.9497,314.463
01/31/99,IDN,25.8965,328.596
02/28/99,IDN,26.0266,270.084
03/31/99,IDN,26.1553,308.774
04/30/99,IDN,26.4628,285.484
05/31/99,IDN,26.1103,230.814
06/30/99,IDN,26.1918,192.122
07/31/99,IDN,25.7702,216.503
08/31/99,IDN,25.8774,179.435
09/30/99,IDN,26.1361,184.807
10/31/99,IDN,26.246,321.922
11/30/99,IDN,26.3394,261.843
12/31/99,IDN,25.8838,297.348
01/31/00,IDN,25.7725,298.004
02/29/00,IDN,25.8719,250.758
03/31/00,IDN,26.1374,301.55
04/30/00,IDN,26.265,279.658
05/31/00,IDN,26.4191,239.274
06/30/00,IDN,25.4851,250.359
07/31/00,IDN,26.0503,169.902
08/31/00,IDN,25.8358,186.601
09/30/00,IDN,26.1698,199.597
10/31/00,IDN,26.3367,306.045
11/30/00,IDN,26.4131,347.084
12/31/00,IDN,26.1112,281.618
01/31/01,IDN,25.8764,341.008
02/28/01,IDN,25.887,255.063
03/31/01,IDN,26.1875,325.607
04/30/01,IDN,26.3412,301.525
05/31/01,IDN,26.387,178.44
06/30/01,IDN,26.2247,202.398
07/31/01,IDN,26.1534,124.66
08/31/01,IDN,26.0895,141.784
09/30/01,IDN,26.173,218.799
10/31/01,IDN,26.491,298.757
11/30/01,IDN,26.3644,279.333
12/31/01,IDN,26.1881,279.938
01/31/02,IDN,26.2737,296.158
02/28/02,IDN,25.9213,214.953
03/31/02,IDN,26.6235,296.054
04/30/02,IDN,26.807,262.049
05/31/02,IDN,26.9254,222.858
06/30/02,IDN,26.1316,182.552
07/31/02,IDN,26.1432,139.714
08/31/02,IDN,25.7781,138.578
09/30/02,IDN,26.071,151.973
10/31/02,IDN,26.6266,154.236
11/30/02,IDN,26.579,272.078
12/31/02,IDN,26.6968,314.866
01/31/03,IDN,26.1765,300.959
02/28/03,IDN,26.235,286.267
03/31/03,IDN,26.3187,318.647
04/30/03,IDN,26.4786,296.608
05/31/03,IDN,26.9204,224.613
06/30/03,IDN,26.4297,160.72
07/31/03,IDN,26.0002,169.529
08/31/03,IDN,26.0957,210.676
09/30/03,IDN,26.0868,200.139
10/31/03,IDN,26.2444,274.364
11/30/03,IDN,26.3683,272.593
12/31/03,IDN,25.9868,324.946
01/31/04,IDN,26.125,333.281
02/29/04,IDN,26.0717,235.4
03/31/04,IDN,26.4085,308.083
04/30/04,IDN,26.8517,256.295
05/31/04,IDN,26.6454,250.205
06/30/04,IDN,26.1745,141.649
07/31/04,IDN,25.4566,178.221
08/31/04,IDN,26.0441,78.453
09/30/04,IDN,25.6413,184.926
10/31/04,IDN,26.4037,187.983
11/30/04,IDN,26.4487,282.106
12/31/04,IDN,26.1272,316.522
01/31/05,IDN,26.1737,268.781
02/28/05,IDN,26.5991,219.352
03/31/05,IDN,26.5413,277.787
04/30/05,IDN,26.7615,309.804
05/31/05,IDN,26.4223,243.027
06/30/05,IDN,26.1914,174.88
07/31/05,IDN,26.026,171.225
08/31/05,IDN,26.1325,151.49
09/30/05,IDN,26.3439,161.345
10/31/05,IDN,26.4573,291.454
11/30/05,IDN,26.3638,278.888
12/31/05,IDN,26.0479,303.989
01/31/06,IDN,25.7835,286.448
02/28/06,IDN,26.1807,299.892
03/31/06,IDN,26.3806,278.325
04/30/06,IDN,26.1902,312.518
05/31/06,IDN,25.919,229.664
06/30/06,IDN,25.5763,259.555
07/31/06,IDN,25.7202,118.214
08/31/06,IDN,25.8833,118.287
09/30/06,IDN,25.8931,159.053
10/31/06,IDN,26.2868,120.381
11/30/06,IDN,26.3156,187.226
12/31/06,IDN,26.2721,302.207
01/31/07,IDN,25.8081,289.176
02/28/07,IDN,26.0066,302.97
03/31/07,IDN,26.1272,304.782
04/30/07,IDN,26.3675,304.573
05/31/07,IDN,26.5901,273.294
06/30/07,IDN,25.8118,256.436
07/31/07,IDN,25.5618,210.086
08/31/07,IDN,25.723,173.889
09/30/07,IDN,25.8302,160.384
10/31/07,IDN,26.3946,192.96
11/30/07,IDN,26.0872,240.639
12/31/07,IDN,25.9952,304.967
01/31/08,IDN,25.9794,236.973
02/29/08,IDN,25.6096,265.674
03/31/08,IDN,25.8097,341.485
04/30/08,IDN,26.0798,288.687
05/31/08,IDN,26.0113,201.717
06/30/08,IDN,25.7365,256.897
07/31/08,IDN,25.3426,204.507
08/31/08,IDN,25.5982,208.424
09/30/08,IDN,26.0661,209.227
10/31/08,IDN,26.3828,279.849
11/30/08,IDN,26.5089,328.193
12/31/08,IDN,26.1182,357.062
01/31/09,IDN,25.809,310.533
02/28/09,IDN,25.9604,279.174
03/31/09,IDN,26.1193,347.858
04/30/09,IDN,26.4725,306.946
05/31/09,IDN,26.515,202.417
06/30/09,IDN,26.291,161.129
07/31/09,IDN,25.8589,164.934
08/31/09,IDN,26.0394,172.475
09/30/09,IDN,26.2011,148.136
10/31/09,IDN,26.45,212.162
11/30/09,IDN,26.3206,291.446
12/31/09,IDN,26.1753,316.627
01/31/10,IDN,26.02,289.622
02/28/10,IDN,26.5062,240.492
03/31/10,IDN,26.5679,345.867
04/30/10,IDN,26.8262,334.777
05/31/10,IDN,26.6504,335.589
06/30/10,IDN,25.9744,273.368
07/31/10,IDN,25.7415,252.118
08/31/10,IDN,25.8239,266.842
09/30/10,IDN,26.1466,366.32
10/31/10,IDN,26.3806,303.848
11/30/10,IDN,26.2081,317.089
12/31/10,IDN,25.9013,279.449
01/31/11,IDN,25.4972,285.798
02/28/11,IDN,25.6828,264.702
03/31/11,IDN,25.873,297.697
04/30/11,IDN,26.1817,295.2
05/31/11,IDN,25.9142,281.598
06/30/11,IDN,25.5542,240.042
07/31/11,IDN,25.7871,151.528
08/31/11,IDN,25.6737,151.29
09/30/11,IDN,25.8117,175.572
10/31/11,IDN,26.1953,278.137
11/30/11,IDN,26.2638,286.122
12/31/11,IDN,26.0117,350.276
01/31/12,IDN,25.8941,276.926
02/29/12,IDN,25.9566,291.002
03/31/12,IDN,25.9866,351.712
04/30/12,IDN,26.2537,299.425
05/31/12,IDN,26.2306,295.162
06/30/12,IDN,25.8802,175.537
07/31/12,IDN,25.6033,180.017
08/31/12,IDN,25.5861,156.192
09/30/12,IDN,26.0629,162.801
10/31/12,IDN,26.4169,235.059
11/30/12,IDN,26.3462,322.199
12/31/12,IDN,26.3079,289.749
01/31/13,IDN,26.1904,256.249
02/28/13,IDN,25.9518,339.174
03/31/13,IDN,26.5842,276.881
04/30/13,IDN,26.6712,279.849
05/31/13,IDN,26.7146,288.929
06/30/13,IDN,26.5888,188.165
07/31/13,IDN,25.9242,206.614
08/31/13,IDN,25.9049,177.859
09/30/13,IDN,26.0898,193.798
10/31/13,IDN,26.4188,205.365
11/30/13,IDN,26.2573,324.158
12/31/13,IDN,26.0579,349.099
01/31/14,IDN,25.5807,260.888
02/28/14,IDN,26.0971,147.083
03/31/14,IDN,26.318,190.802
04/30/14,IDN,26.5207,316.709
05/31/14,IDN,26.61,224.192
06/30/14,IDN,26.4676,214.465
07/31/14,IDN,25.8141,152.326
08/31/14,IDN,25.753,203.129
09/30/14,IDN,26.1365,156.71
10/31/14,IDN,26.4211,161.127
11/30/14,IDN,26.4274,258.955
12/31/14,IDN,26.287,347.74
01/31/15,IDN,25.8036,289.605
02/28/15,IDN,26.0029,277.792
03/31/15,IDN,26.3509,250.32
04/30/15,IDN,26.6217,275.445
05/31/15,IDN,26.6551,203.025
06/30/15,IDN,26.411,208.279
07/31/15,IDN,26.1792,111.689
08/31/15,IDN,26.0478,114.089
09/30/15,IDN,26.1989,84.6531
10/31/15,IDN,26.6079,124.903
11/30/15,IDN,26.5543,239.986
12/31/15,IDN,26.4072,297.991
01/31/91,VNM,21.2641,18.118
02/28/91,VNM,21.7298,14.8579
03/31/91,VNM,23.9737,46.4984
04/30/91,VNM,26.2745,36.1466
05/31/91,VNM,27.4259,107.401
06/30/91,VNM,27.5647,238.163
07/31/91,VNM,27.2983,253.61
08/31/91,VNM,26.9164,270.235
09/30/91,VNM,26.7628,232.92
10/31/91,VNM,24.6845,197.934
11/30/91,VNM,22.4586,105.337
12/31/91,VNM,21.3386,79.4345
01/31/92,VNM,18.9462,142.585
02/29/92,VNM,20.5247,53.1401
03/31/92,VNM,22.7815,36.6519
04/30/92,VNM,26.8073,35.3283
05/31/92,VNM,27.6538,116.384
06/30/92,VNM,27.4563,209.271
07/31/92,VNM,26.9516,319.908
08/31/92,VNM,27.3955,187.041
09/30/92,VNM,26.7272,221.532
10/31/92,VNM,23.8913,160.365
11/30/92,VNM,21.7671,83.6364
12/31/92,VNM,21.4601,96.1109
01/31/93,VNM,19.0534,24.8236
02/28/93,VNM,21.2081,31.2285
03/31/93,VNM,22.6215,35.1611
04/30/93,VNM,25.4837,76.2163
05/31/93,VNM,27.0579,174.115
06/30/93,VNM,27.9814,211.718
07/31/93,VNM,27.5191,196.471
08/31/93,VNM,27.2252,268.77
09/30/93,VNM,26.504,241.719
10/31/93,VNM,24.4762,167.781
11/30/93,VNM,23.0068,119.581
12/31/93,VNM,20.198,72.4858
01/31/94,VNM,20.9519,13.2944
02/28/94,VNM,22.3773,32.9093
03/31/94,VNM,21.149,62.2816
04/30/94,VNM,26.6498,35.6912
05/31/94,VNM,27.5385,235.487
06/30/94,VNM,26.9911,248.917
07/31/94,VNM,27.0498,405.597
08/31/94,VNM,26.9347,302.481
09/30/94,VNM,26.2905,320.645
10/31/94,VNM,24.3455,204.564
11/30/94,VNM,23.3644,138.529
12/31/94,VNM,22.2432,103.222
01/31/95,VNM,19.9174,33.7922
02/28/95,VNM,20.1029,21.7449
03/31/95,VNM,22.3825,30.9501
04/30/95,VNM,26.6082,39.9035
05/31/95,VNM,27.1686,151.754
06/30/95,VNM,27.8195,229.87
07/31/95,VNM,27.2684,330.118
08/31/95,VNM,27.1137,287.467
09/30/95,VNM,26.584,227.125
10/31/95,VNM,25.3163,218.123
11/30/95,VNM,22.4686,226.792
12/31/95,VNM,20.3245,35.174
01/31/96,VNM,20.0181,21.7386
02/29/96,VNM,19.4103,17.3055
03/31/96,VNM,22.3833,57.5022
04/30/96,VNM,24.0762,86.9718
05/31/96,VNM,26.4539,152.643
06/30/96,VNM,27.344,203.677
07/31/96,VNM,27.3193,221.349
08/31/96,VNM,27.1661,288.609
09/30/96,VNM,26.3696,348.562
10/31/96,VNM,25.1223,207.102
11/30/96,VNM,23.4286,276.233
12/31/96,VNM,20.4298,38.6427
01/31/97,VNM,20.15,60.4016
02/28/97,VNM,20.2543,24.7278
03/31/97,VNM,22.4195,72.0989
04/30/97,VNM,24.6844,115.976
05/31/97,VNM,27.1732,158.51
06/30/97,VNM,27.6041,182.177
07/31/97,VNM,26.9861,310.72
08/31/97,VNM,27.3201,245.088
09/30/97,VNM,25.8838,220.01
10/31/97,VNM,25.9285,238.346
11/30/97,VNM,23.9431,81.0013
12/31/97,VNM,22.3844,101.692
01/31/98,VNM,21.5527,20.8839
02/28/98,VNM,22.4171,47.1918
03/31/98,VNM,23.8282,35.0868
04/30/98,VNM,26.7089,77.234
05/31/98,VNM,27.9538,146.659
06/30/98,VNM,27.929,247.579
07/31/98,VNM,27.7233,218.192
08/31/98,VNM,27.7586,244.635
09/30/98,VNM,27.0006,249.119
10/31/98,VNM,25.8023,169.381
11/30/98,VNM,23.6378,215.888
12/31/98,VNM,21.7578,100.497
01/31/99,VNM,20.4104,64.4466
02/28/99,VNM,21.8445,15.4733
03/31/99,VNM,23.1617,37.9691
04/30/99,VNM,25.6748,84.0535
05/31/99,VNM,25.8575,234.418
06/30/99,VNM,27.2385,219.997
07/31/99,VNM,27.2233,294.207
08/31/99,VNM,27.0586,289.914
09/30/99,VNM,26.4061,241.294
10/31/99,VNM,25.2426,255.414
11/30/99,VNM,22.707,390.544
12/31/99,VNM,18.8341,115.409
01/31/00,VNM,20.8595,30.9587
02/29/00,VNM,20.0468,33.7771
03/31/00,VNM,22.2888,23.422
04/30/00,VNM,25.4443,98.7361
05/31/00,VNM,26.2898,202.395
06/30/00,VNM,26.748,213.541
07/31/00,VNM,27.2957,331.229
08/31/00,VNM,27.5865,213.767
09/30/00,VNM,26.3237,227.674
10/31/00,VNM,25.0409,327.404
11/30/00,VNM,22.2276,84.2797
12/31/00,VNM,21.8343,41.7905
01/31/01,VNM,21.5704,30.8024
02/28/01,VNM,21.4537,25.0334
03/31/01,VNM,22.4806,72.9405
04/30/01,VNM,26.5472,61.0906
05/31/01,VNM,26.4012,202.449
06/30/01,VNM,27.0755,212.585
07/31/01,VNM,27.4136,350.803
08/31/01,VNM,27.301,342.963
09/30/01,VNM,26.7575,241.42
10/31/01,VNM,25.4637,244.479
11/30/01,VNM,21.6265,234.133
12/31/01,VNM,20.8035,69.4084
01/31/02,VNM,20.1471,20.0285
02/28/02,VNM,22.0605,21.6108
03/31/02,VNM,23.3405,58.0542
04/30/02,VNM,26.3616,60.3292
05/31/02,VNM,26.8793,209.927
06/30/02,VNM,27.6931,245.751
07/31/02,VNM,27.6522,338.752
08/31/02,VNM,26.8419,297.607
09/30/02,VNM,25.8749,260.997
10/31/02,VNM,24.9864,222.83
11/30/02,VNM,23.2328,131.848
12/31/02,VNM,22.1441,244.606
01/31/03,VNM,19.8417,34.9598
02/28/03,VNM,22.3942,31.1657
03/31/03,VNM,22.4349,45.2812
04/30/03,VNM,26.6682,61.8224
05/31/03,VNM,27.8025,166.842
06/30/03,VNM,27.4849,195.692
07/31/03,VNM,27.754,177.339
08/31/03,VNM,27.6758,331.326
09/30/03,VNM,26.232,323.851
10/31/03,VNM,25.1789,141.691
11/30/03,VNM,23.6439,65.44
12/31/03,VNM,20.4516,25.8375
01/31/04,VNM,20.4061,63.1595
02/29/04,VNM,20.6649,34.795
03/31/04,VNM,22.8187,28.3406
04/30/04,VNM,25.7764,83.6009
05/31/04,VNM,26.9525,179.468
06/30/04,VNM,27.3588,196.401
07/31/04,VNM,26.9753,330.533
08/31/04,VNM,27.4352,240.816
09/30/04,VNM,26.3474,202.711
10/31/04,VNM,24.5783,124.673
11/30/04,VNM,23.5518,104.94
12/31/04,VNM,20.8583,29.0932
01/31/05,VNM,19.9792,17.6684
02/28/05,VNM,22.509,17.5921
03/31/05,VNM,21.8137,46.8319
04/30/05,VNM,25.8387,58.298
05/31/05,VNM,27.6449,159.018
06/30/05,VNM,27.9064,301.711
07/31/05,VNM,27.6919,298.041
08/31/05,VNM,27.3238,302.94
09/30/05,VNM,26.9138,334.111
10/31/05,VNM,24.3,123.213
11/30/05,VNM,23.6483,269.098
12/31/05,VNM,20.2844,90.7911
01/31/06,VNM,20.7224,19.2989
02/28/06,VNM,21.8758,27.6812
03/31/06,VNM,22.6725,49.0977
04/30/06,VNM,25.8928,95.87
05/31/06,VNM,26.5647,130.673
06/30/06,VNM,27.5302,161.968
07/31/06,VNM,27.6337,292.339
08/31/06,VNM,26.93,262.601
09/30/06,VNM,26.3518,199.604
10/31/06,VNM,25.732,331.972
11/30/06,VNM,24.4112,154.444
12/31/06,VNM,21.217,26.1274
01/31/07,VNM,19.5742,22.5017
02/28/07,VNM,22.3902,24.0384
03/31/07,VNM,23.3527,37.4312
04/30/07,VNM,24.9302,79.6929
05/31/07,VNM,26.3317,157.212
06/30/07,VNM,27.7517,303.573
07/31/07,VNM,27.5326,237.151
08/31/07,VNM,26.721,275.663
09/30/07,VNM,26.0802,237.357
10/31/07,VNM,24.7519,371.163
11/30/07,VNM,21.5031,140.922
12/31/07,VNM,22.0848,33.6849
01/31/08,VNM,19.408,26.5981
02/29/08,VNM,18.03,29.5154
03/31/08,VNM,22.0917,43.185
04/30/08,VNM,25.7844,84.5471
05/31/08,VNM,26.1936,155.263
06/30/08,VNM,26.7034,248.361
07/31/08,VNM,27.2563,275.541
08/31/08,VNM,26.9459,287.986
09/30/08,VNM,26.5736,267.792
10/31/08,VNM,25.766,300.932
11/30/08,VNM,22.2886,212.103
12/31/08,VNM,20.3691,81.8229
01/31/09,VNM,18.5874,13.3308
02/28/09,VNM,23.3572,14.991
03/31/09,VNM,22.7104,61.4003
04/30/09,VNM,25.3695,88.3187
05/31/09,VNM,26.5018,198.963
06/30/09,VNM,27.4658,197.629
07/31/09,VNM,27.4224,264.549
08/31/09,VNM,27.8058,209.888
09/30/09,VNM,26.9888,276.696
10/31/09,VNM,25.8003,226.089
11/30/09,VNM,22.9344,110.196
12/31/09,VNM,21.7524,69.4662
01/31/10,VNM,21.2829,119.347
02/28/10,VNM,23.0028,24.6918
03/31/10,VNM,23.3828,17.6805
04/30/10,VNM,25.9156,76.4054
05/31/10,VNM,27.9955,129.848
06/30/10,VNM,27.6409,170.972
07/31/10,VNM,27.6693,231.421
08/31/10,VNM,27.181,258.267
09/30/10,VNM,26.975,208.884
10/31/10,VNM,24.6371,210.198
11/30/10,VNM,22.7269,105.954
12/31/10,VNM,21.5358,70.3632
01/31/11,VNM,18.0561,28.6263
02/28/11,VNM,21.121,20.9222
03/31/11,VNM,19.6389,59.1605
04/30/11,VNM,24.5324,62.3041
05/31/11,VNM,26.5126,155.895
06/30/11,VNM,27.3648,276.433
07/31/11,VNM,27.6562,253.884
08/31/11,VNM,27.2079,258.946
09/30/11,VNM,26.2988,338.789
10/31/11,VNM,24.546,308.646
11/30/11,VNM,23.7394,206.133
12/31/11,VNM,19.9897,65.3421
01/31/12,VNM,19.9376,63.5504
02/29/12,VNM,21.2647,26.6722
03/31/12,VNM,22.66,45.582
04/30/12,VNM,26.1824,59.5025
05/31/12,VNM,27.5174,232.993
06/30/12,VNM,27.4194,234.206
07/31/12,VNM,27.4906,277.347
08/31/12,VNM,27.4666,298.421
09/30/12,VNM,26.4697,212.025
10/31/12,VNM,25.7243,269.287
11/30/12,VNM,24.3128,397.858
12/31/12,VNM,22.4016,54.3562
01/31/13,VNM,20.2787,61.0331
02/28/13,VNM,22.9052,45.2822
03/31/13,VNM,23.9591,58.6912
04/30/13,VNM,25.9443,72.3164
05/31/13,VNM,27.2649,150.656
06/30/13,VNM,27.3868,182.905
07/31/13,VNM,27.2,259.541
08/31/13,VNM,27.3971,274.068
09/30/13,VNM,25.9728,283.283
10/31/13,VNM,24.4809,240.616
11/30/13,VNM,23.375,177.439
12/31/13,VNM,18.6481,282.366
01/31/14,VNM,18.8903,20.1041
02/28/14,VNM,20.5782,14.8243
03/31/14,VNM,22.9839,30.491
04/30/14,VNM,26.1655,67.5097
05/31/14,VNM,27.0155,100.506
06/30/14,VNM,27.994,232.4
07/31/14,VNM,27.3625,297.145
08/31/14,VNM,27.2949,226.706
09/30/14,VNM,26.9982,272.555
10/31/14,VNM,25.6917,173.593
11/30/14,VNM,24.0814,166.37
12/31/14,VNM,20.3978,60.7189
01/31/15,VNM,19.9524,39.6747
02/28/15,VNM,21.5853,18.5884
03/31/15,VNM,23.5692,32.7659
04/30/15,VNM,25.8273,48.371
05/31/15,VNM,28.4432,106.235
06/30/15,VNM,28.5632,194.546
07/31/15,VNM,27.455,265.695
08/31/15,VNM,27.5118,279.796
09/30/15,VNM,27.0807,270.979
10/31/15,VNM,25.3536,210.218
11/30/15,VNM,24.7644,177.599
12/31/15,VNM,22.0768,93.3196
